{
  "Random Forest": {
    "auc": {
      "mean": 0.7756841832161895,
      "std": 0.01886814392490939
    },
    "accuracy": {
      "mean": 0.8535978014921722,
      "std": 0.011462053510505225
    },
    "f1": {
      "mean": 0.3941153611101178,
      "std": 0.047102369761739246
    },
    "precision": {
      "mean": 0.6621244211235302,
      "std": 0.08436632568140326
    },
    "recall": {
      "mean": 0.28176958032611604,
      "std": 0.037259820392219936
    }
  },
  "XGBoost": {
    "auc": {
      "mean": 0.7505739264430712,
      "std": 0.03218571927191774
    },
    "accuracy": {
      "mean": 0.8469514432485322,
      "std": 0.00983672500327801
    },
    "f1": {
      "mean": 0.38008944284297813,
      "std": 0.05646285695488467
    },
    "precision": {
      "mean": 0.6014351782848995,
      "std": 0.05663286056308471
    },
    "recall": {
      "mean": 0.27940390269981286,
      "std": 0.05093218377386388
    }
  },
  "LightGBM": {
    "auc": {
      "mean": 0.7499790870638552,
      "std": 0.035265537661598186
    },
    "accuracy": {
      "mean": 0.8057011374755382,
      "std": 0.01286518488496289
    },
    "f1": {
      "mean": 0.46263673037125275,
      "std": 0.03462621662412445
    },
    "precision": {
      "mean": 0.4359472969455041,
      "std": 0.03253907549519923
    },
    "recall": {
      "mean": 0.4953755680299385,
      "std": 0.05244227315719662
    }
  }
}