{
  "experiment": "exp1",
  "model": {
    "type": "Soft Voting Ensemble (tuned)",
    "components": [
      "Random Forest",
      "XGBoost",
      "LightGBM"
    ],
    "feature": "Morgan+MACCS+Mordred",
    "n_features_selected": 2360
  },
  "training_data": {
    "total": 6019,
    "positives": 1019,
    "negatives": 5000
  },
  "per_model_cv_auc": {
    "Random Forest": 0.7614031363596214,
    "XGBoost": 0.7519348872534829,
    "LightGBM": 0.7447487601210526
  },
  "cv_auc": 0.7819362858307295,
  "validation": {
    "auc": 0.789769063180828,
    "accuracy": 0.770764119601329,
    "f1": 0.48120300751879697,
    "precision": 0.3902439024390244,
    "recall": 0.6274509803921569
  },
  "classification_threshold": 0.361,
  "threshold_method": "youden_j"
}