{
  "experiment": "exp4",
  "model": {
    "type": "Soft Voting Ensemble (tuned)",
    "components": [
      "Random Forest",
      "XGBoost",
      "LightGBM"
    ],
    "feature": "Morgan+MACCS+Mordred",
    "n_features_selected": 2356
  },
  "training_data": {
    "total": 2930,
    "positives": 1465,
    "negatives": 1465
  },
  "per_model_cv_auc": {
    "Random Forest": 0.7485643779939033,
    "XGBoost": 0.7320733536555862,
    "LightGBM": 0.7314772342381574
  },
  "cv_auc": 0.768770181126111,
  "validation": {
    "auc": 0.8027272727272727,
    "accuracy": 0.7318181818181818,
    "f1": 0.7242990654205608,
    "precision": 0.7451923076923077,
    "recall": 0.7045454545454546
  },
  "classification_threshold": 0.497,
  "threshold_method": "youden_j"
}