{
  "Random Forest": {
    "auc": {
      "mean": 0.7232536764705882,
      "std": 0.06678418464664418
    },
    "accuracy": {
      "mean": 0.828303442589157,
      "std": 0.01734549032423397
    },
    "f1": {
      "mean": 0.12700539226855018,
      "std": 0.10419661480696467
    },
    "precision": {
      "mean": 0.35,
      "std": 0.23202011407059808
    },
    "recall": {
      "mean": 0.07977941176470589,
      "std": 0.06917335833585217
    }
  },
  "SVM (RBF)": {
    "auc": {
      "mean": 0.6861123565279771,
      "std": 0.09023714711452785
    },
    "accuracy": {
      "mean": 0.8222222222222222,
      "std": 0.02179288073320935
    },
    "f1": {
      "mean": 0.13682194616977225,
      "std": 0.1267502708024312
    },
    "precision": {
      "mean": 0.284047619047619,
      "std": 0.23609168921053894
    },
    "recall": {
      "mean": 0.09154411764705882,
      "std": 0.089277696748282
    }
  },
  "Neural Network": {
    "auc": {
      "mean": 0.5773067611190817,
      "std": 0.11942559954246423
    },
    "accuracy": {
      "mean": 0.8283034425891568,
      "std": 0.017853869701386013
    },
    "f1": {
      "mean": 0.055384615384615386,
      "std": 0.12369077687533404
    },
    "precision": {
      "mean": 0.07777777777777778,
      "std": 0.1724908299584447
    },
    "recall": {
      "mean": 0.04301470588235294,
      "std": 0.09643362029311855
    }
  },
  "XGBoost": {
    "auc": {
      "mean": 0.7365338055954089,
      "std": 0.059928046174533504
    },
    "accuracy": {
      "mean": 0.8231704803133374,
      "std": 0.02701139684554526
    },
    "f1": {
      "mean": 0.2575445653796478,
      "std": 0.1757633851566193
    },
    "precision": {
      "mean": 0.3796062271062271,
      "std": 0.2251386767556469
    },
    "recall": {
      "mean": 0.20147058823529412,
      "std": 0.15244546361621467
    }
  },
  "LightGBM": {
    "auc": {
      "mean": 0.74018337517934,
      "std": 0.07067361141693713
    },
    "accuracy": {
      "mean": 0.8160894660894661,
      "std": 0.030768847954656776
    },
    "f1": {
      "mean": 0.3291685769427705,
      "std": 0.16063139309085742
    },
    "precision": {
      "mean": 0.39332792207792205,
      "std": 0.13427609171443627
    },
    "recall": {
      "mean": 0.2922794117647059,
      "std": 0.17041739987941637
    }
  }
}