{
  "Random Forest": {
    "auc": {
      "mean": 0.7413345199190786,
      "std": 0.07009521781600617
    },
    "accuracy": {
      "mean": 0.8431318270237916,
      "std": 0.01039434192194378
    },
    "f1": {
      "mean": 0.2594396144396144,
      "std": 0.08548965330385053
    },
    "precision": {
      "mean": 0.5978571428571429,
      "std": 0.1473671045113647
    },
    "recall": {
      "mean": 0.16904761904761906,
      "std": 0.0620024779362341
    }
  },
  "SVM (RBF)": {
    "auc": {
      "mean": 0.7218166433239961,
      "std": 0.09111021998021149
    },
    "accuracy": {
      "mean": 0.8363871016010773,
      "std": 0.01511906519680883
    },
    "f1": {
      "mean": 0.3202070415442509,
      "std": 0.07913679010615488
    },
    "precision": {
      "mean": 0.5235832304949952,
      "std": 0.10388715342595699
    },
    "recall": {
      "mean": 0.23518518518518516,
      "std": 0.06389258591294836
    }
  },
  "Neural Network": {
    "auc": {
      "mean": 0.645451097105509,
      "std": 0.08663112858751086
    },
    "accuracy": {
      "mean": 0.8290401017507106,
      "std": 0.014927932539832671
    },
    "f1": {
      "mean": 0.10274070756829376,
      "std": 0.12507478594762153
    },
    "precision": {
      "mean": 0.2852941176470588,
      "std": 0.3443312559742877
    },
    "recall": {
      "mean": 0.07023809523809524,
      "std": 0.08839789834930847
    }
  },
  "XGBoost": {
    "auc": {
      "mean": 0.7309154217242452,
      "std": 0.0683285471778255
    },
    "accuracy": {
      "mean": 0.8351601077360467,
      "std": 0.012536176458804279
    },
    "f1": {
      "mean": 0.359021580817926,
      "std": 0.06476770526007339
    },
    "precision": {
      "mean": 0.5073931623931623,
      "std": 0.07780643080745012
    },
    "recall": {
      "mean": 0.27910052910052907,
      "std": 0.05762096673042108
    }
  },
  "LightGBM": {
    "auc": {
      "mean": 0.7056323918456271,
      "std": 0.07673001432447714
    },
    "accuracy": {
      "mean": 0.8069841388597935,
      "std": 0.019646557833981386
    },
    "f1": {
      "mean": 0.3710122368526896,
      "std": 0.07697660354901374
    },
    "precision": {
      "mean": 0.4050504455440772,
      "std": 0.07544617579600978
    },
    "recall": {
      "mean": 0.3453703703703703,
      "std": 0.08193470205269994
    }
  }
}