{
  "Random Forest": {
    "auc": {
      "mean": 0.7670098247356248,
      "std": 0.02221405266569974
    },
    "accuracy": {
      "mean": 0.8853497183925206,
      "std": 0.008391843833735277
    },
    "f1": {
      "mean": 0.38703561470011694,
      "std": 0.04611893937208004
    },
    "precision": {
      "mean": 0.6004366373065098,
      "std": 0.07424253131870524
    },
    "recall": {
      "mean": 0.28749677419354835,
      "std": 0.041667139449277475
    }
  },
  "XGBoost": {
    "auc": {
      "mean": 0.766659413763479,
      "std": 0.01987569864234323
    },
    "accuracy": {
      "mean": 0.8861602537041422,
      "std": 0.007134387916102604
    },
    "f1": {
      "mean": 0.33723303543224664,
      "std": 0.05844164786449501
    },
    "precision": {
      "mean": 0.6357047559248141,
      "std": 0.07420420313906308
    },
    "recall": {
      "mean": 0.23127096774193542,
      "std": 0.04756139402785676
    }
  },
  "LightGBM": {
    "auc": {
      "mean": 0.7570056773571147,
      "std": 0.016294294087798696
    },
    "accuracy": {
      "mean": 0.8398939467262487,
      "std": 0.01088448887051612
    },
    "f1": {
      "mean": 0.43325030018860006,
      "std": 0.031162176131041896
    },
    "precision": {
      "mean": 0.3931665285499837,
      "std": 0.031649331342296194
    },
    "recall": {
      "mean": 0.48508387096774197,
      "std": 0.04641317226643216
    }
  }
}