{
  "Random Forest": {
    "auc": {
      "mean": 0.6589475570561649,
      "std": 0.06587353435728506
    },
    "accuracy": {
      "mean": 0.9814513098345434,
      "std": 0.001795919580737515
    },
    "f1": {
      "mean": 0.0,
      "std": 0.0
    },
    "precision": {
      "mean": 0.0,
      "std": 0.0
    },
    "recall": {
      "mean": 0.0,
      "std": 0.0
    }
  },
  "XGBoost": {
    "auc": {
      "mean": 0.7159682302699248,
      "std": 0.04858653304817565
    },
    "accuracy": {
      "mean": 0.9816223231193291,
      "std": 0.001633331729039869
    },
    "f1": {
      "mean": 0.0,
      "std": 0.0
    },
    "precision": {
      "mean": 0.0,
      "std": 0.0
    },
    "recall": {
      "mean": 0.0,
      "std": 0.0
    }
  },
  "LightGBM": {
    "auc": {
      "mean": 0.6746468488337569,
      "std": 0.04378119798799631
    },
    "accuracy": {
      "mean": 0.9711086983542072,
      "std": 0.0037015114633345363
    },
    "f1": {
      "mean": 0.03851031996193287,
      "std": 0.03512298702294472
    },
    "precision": {
      "mean": 0.0350224292615597,
      "std": 0.03198358554602663
    },
    "recall": {
      "mean": 0.04338235294117647,
      "std": 0.03986216520126412
    }
  }
}