{
  "Random Forest": {
    "auc": {
      "mean": 0.7804379962049336,
      "std": 0.016331433143555476
    },
    "accuracy": {
      "mean": 0.8238416956449743,
      "std": 0.013967519540274958
    },
    "f1": {
      "mean": 0.49578308219652223,
      "std": 0.03903259975659058
    },
    "precision": {
      "mean": 0.7068397342000077,
      "std": 0.06138827550295333
    },
    "recall": {
      "mean": 0.3823612903225806,
      "std": 0.032272102751834654
    }
  },
  "XGBoost": {
    "auc": {
      "mean": 0.7653906034155598,
      "std": 0.015979939083046017
    },
    "accuracy": {
      "mean": 0.8191094552078159,
      "std": 0.013674005647735289
    },
    "f1": {
      "mean": 0.4838398882224627,
      "std": 0.042726548113498214
    },
    "precision": {
      "mean": 0.6852153148558049,
      "std": 0.05611137000062533
    },
    "recall": {
      "mean": 0.3751548387096774,
      "std": 0.04075446082336413
    }
  },
  "LightGBM": {
    "auc": {
      "mean": 0.7555847286527514,
      "std": 0.024187909231474677
    },
    "accuracy": {
      "mean": 0.7703387978142077,
      "std": 0.014738289399318268
    },
    "f1": {
      "mean": 0.5261757122422879,
      "std": 0.027921298241788902
    },
    "precision": {
      "mean": 0.49475372591375405,
      "std": 0.02907067915466001
    },
    "recall": {
      "mean": 0.5630709677419354,
      "std": 0.03778235717961317
    }
  }
}