{
  "experiment": "exp2",
  "model": {
    "type": "Soft Voting Ensemble (tuned)",
    "components": [
      "Random Forest",
      "XGBoost",
      "LightGBM"
    ],
    "feature": "Morgan+MACCS+Mordred",
    "n_features_selected": 2928
  },
  "training_data": {
    "total": 6465,
    "positives": 1465,
    "negatives": 5000
  },
  "per_model_cv_auc": {
    "Random Forest": 0.7607269276220544,
    "XGBoost": 0.7679082723247331,
    "LightGBM": 0.7651229134568728
  },
  "cv_auc": 0.782991070163005,
  "validation": {
    "auc": 0.7824545454545455,
    "accuracy": 0.7711340206185567,
    "f1": 0.556,
    "precision": 0.49642857142857144,
    "recall": 0.6318181818181818
  },
  "classification_threshold": 0.251,
  "threshold_method": "youden_j"
}