{
  "Random Forest": {
    "auc": {
      "mean": 0.91532223183391,
      "std": 0.03474856972295799
    },
    "accuracy": {
      "mean": 0.8518716577540106,
      "std": 0.039654408659130745
    },
    "f1": {
      "mean": 0.8488646015590987,
      "std": 0.0405987561640075
    },
    "precision": {
      "mean": 0.860063025210084,
      "std": 0.061710834085602254
    },
    "recall": {
      "mean": 0.8411764705882352,
      "std": 0.04931954805215883
    }
  },
  "SVM (RBF)": {
    "auc": {
      "mean": 0.826794982698962,
      "std": 0.06468001886864601
    },
    "accuracy": {
      "mean": 0.7429590017825312,
      "std": 0.08097794177699688
    },
    "f1": {
      "mean": 0.7595553453183534,
      "std": 0.06972817745242006
    },
    "precision": {
      "mean": 0.714414065466697,
      "std": 0.08246603074238751
    },
    "recall": {
      "mean": 0.8161764705882353,
      "std": 0.07922772792382929
    }
  },
  "Neural Network": {
    "auc": {
      "mean": 0.8259299307958479,
      "std": 0.06647513357076401
    },
    "accuracy": {
      "mean": 0.7488413547237077,
      "std": 0.065782163712852
    },
    "f1": {
      "mean": 0.7577622885829717,
      "std": 0.05700138922689622
    },
    "precision": {
      "mean": 0.7372642390289449,
      "std": 0.0891327642797312
    },
    "recall": {
      "mean": 0.7871323529411764,
      "std": 0.06079975392922796
    }
  },
  "XGBoost": {
    "auc": {
      "mean": 0.8951124567474048,
      "std": 0.043036440854655786
    },
    "accuracy": {
      "mean": 0.8396613190730837,
      "std": 0.03650589505882006
    },
    "f1": {
      "mean": 0.8362101189449387,
      "std": 0.03811782607543697
    },
    "precision": {
      "mean": 0.8481687675070028,
      "std": 0.053879870288667316
    },
    "recall": {
      "mean": 0.8294117647058823,
      "std": 0.06327802933514753
    }
  },
  "LightGBM": {
    "auc": {
      "mean": 0.8915441176470587,
      "std": 0.030770543395111667
    },
    "accuracy": {
      "mean": 0.8217468805704099,
      "std": 0.051508674783600314
    },
    "f1": {
      "mean": 0.8195877999293557,
      "std": 0.05474862482467784
    },
    "precision": {
      "mean": 0.8213287366228542,
      "std": 0.06262070232058344
    },
    "recall": {
      "mean": 0.8231617647058824,
      "std": 0.07714370745787384
    }
  }
}