{
  "Random Forest": {
    "auc": {
      "mean": 0.9082993659420289,
      "std": 0.043688812293851305
    },
    "accuracy": {
      "mean": 0.8256205673758865,
      "std": 0.0558961458264665
    },
    "f1": {
      "mean": 0.8216030066287765,
      "std": 0.05738942234627234
    },
    "precision": {
      "mean": 0.8405859537763586,
      "std": 0.08272163774447933
    },
    "recall": {
      "mean": 0.8146739130434784,
      "std": 0.09435275844762074
    }
  },
  "SVM (RBF)": {
    "auc": {
      "mean": 0.8456446256038646,
      "std": 0.04509174982440969
    },
    "accuracy": {
      "mean": 0.7598404255319149,
      "std": 0.04694808132847956
    },
    "f1": {
      "mean": 0.7813783009502051,
      "std": 0.03841758652833418
    },
    "precision": {
      "mean": 0.7181923848254493,
      "std": 0.05356507132985623
    },
    "recall": {
      "mean": 0.8606884057971014,
      "std": 0.04845091677000354
    }
  },
  "Neural Network": {
    "auc": {
      "mean": 0.822199577294686,
      "std": 0.047129496079001396
    },
    "accuracy": {
      "mean": 0.7516400709219859,
      "std": 0.053325426083375004
    },
    "f1": {
      "mean": 0.762960031981845,
      "std": 0.04296528089357182
    },
    "precision": {
      "mean": 0.7325630065742267,
      "std": 0.06321477661748472
    },
    "recall": {
      "mean": 0.8007246376811594,
      "std": 0.05385647452972824
    }
  },
  "XGBoost": {
    "auc": {
      "mean": 0.8921497584541063,
      "std": 0.06346219383410844
    },
    "accuracy": {
      "mean": 0.8151595744680851,
      "std": 0.08458882410830615
    },
    "f1": {
      "mean": 0.8164966397906681,
      "std": 0.07901484650194793
    },
    "precision": {
      "mean": 0.8180897363506059,
      "std": 0.10147284274050417
    },
    "recall": {
      "mean": 0.8182971014492754,
      "std": 0.06925433440181453
    }
  },
  "LightGBM": {
    "auc": {
      "mean": 0.8928140096618359,
      "std": 0.04725926390772256
    },
    "accuracy": {
      "mean": 0.7960106382978723,
      "std": 0.04324242358872905
    },
    "f1": {
      "mean": 0.7961991970079602,
      "std": 0.04498860453875539
    },
    "precision": {
      "mean": 0.7897002922115366,
      "std": 0.0489633915010188
    },
    "recall": {
      "mean": 0.8092391304347826,
      "std": 0.0847704143961784
    }
  }
}